,Neighborhood,Latitude,Longitude
0,Adarsh Nagar,28.7165805,77.1704223
1,Ashok Vihar,19.116503,72.886755
2,Begum Pur,28.725503,77.0583706
3,Karala,10.3528744,76.5120396
4,Narela,28.8426096,77.0918354
5,Pitam Pura,28.7032676,77.1322497
6,Rohini Sub City,46.49478845,-80.99676971333798
7,Shalimar Bagh,34.14970725,74.87322601530605
8,Civil Lines,28.6768508,77.2250299
9,Gulabi Bagh,31.578674499999998,74.36416459897339
10,Kamla Nagar,28.680344249999997,77.20212920033055
11,Kashmiri Gate,28.6699765,77.2320588
12,Kotwali,26.9215892,85.1107836
13,Model Town,28.7027136,77.1939912
14,Mori Gate; Delhi,28.664203,77.2237393
15,Sadar Bazaar,17.6929705,74.0094833
16,Sarai Rohilla,28.66100315,77.20151396783757
17,Shakti Nagar,24.1229471,82.7045864
18,Tis Hazari,28.6671626,77.2166306
19,Timarpur,28.70126285,77.21867953631201
20,Wazirabad,30.6191156,76.3291454
21,Dilshad Garden,28.6758257,77.3215163
22,Naveen Shahdara,28.6773386,77.2860157
23,New Usmanpur,30.2557681,76.4327859
24,Shahdara,28.6733333,77.2890248
25,Shastri Park,28.6684339,77.2505301
26,Yamuna Vihar,28.700372,77.2727728
27,Chandni Chowk,24.890681700000002,67.06336248589622
28,Daryaganj,28.64609,77.243048
29,Jhandewalan,28.6443188,77.1999165
30,Karol Bagh,28.6529982,77.1890227
31,Shastri Nagar,28.6700885,77.1818589
32,Kishanganj,26.29863795,87.95314810923409
33,Paharganj,28.6414989,77.2140607
34,Rajender Nagar,28.7346244,77.7799984
35,Barakhamba Road,28.6273988,77.2288941
36,Chanakyapuri,28.5946775,77.1885212
37,Connaught Place,28.6313827,77.2197924
38,Gole Market,28.63371865,77.20562662098214
39,INA Colony,28.57440755,77.21024148189088
40,Jor Bagh,28.5865979,77.212534
41,Laxmibai Nagar,28.6246672,77.4183816
42,Pragati Maidan,28.6234752,77.2425278
43,East Vinod Nagar,28.6227661,77.3075035
44,Jhilmil Colony,28.6698142,77.3072827
45,Laxmi Nagar,28.6305526,77.277575
46,Mayur Vihar,23.263183400000003,77.42759565096256
47,Pandav Nagar,28.98252725,77.73326189159445
48,Preet Vihar,28.6414409,77.2952594
49,Anand Vihar,28.641115,77.3125024
50,Vasundhara Enclave,28.60172565,77.3211224956397
51,Vishwas Nagar,28.66447005,77.29174139182146
52,Vivek Vihar,28.6691641,77.31226695421603
53,Kamal Hans Nagar,,
54,Alaknanda,30.2965383,79.1567896
55,Chattarpur,28.4971399,77.1812506
56,Chittaranjan Park,28.5387523,77.2492493451557
57,Defence Colony,34.0112501,71.5364524
58,East of Kailash,28.557032200000002,77.24461392068525
59,Govindpuri,26.4536771,80.312879
60,Greater Kailash,28.5418724,77.2384643
61,Green Park,51.5066192,-0.1429113
62,Gulmohar Park,28.5571011,77.2130055
63,Hauz Khas,28.5498053,77.20777007694593
64,Hauz Khas Village,28.55385485,77.1947127585299
65,Jangpura,28.5830409,77.2393165
66,Kalkaji,28.5370703,77.2618051
67,Khanpur,25.851055549999998,85.94084326226093
68,Lajpat Nagar,28.5792615,77.2440325
69,Lodi Colony,38.102349,-121.296097
70,Malviya Nagar,28.5339201,77.2124474
71,Mehrauli,28.5218262,77.1783232
72,Neeti Bagh,28.5592511,77.2161665
73,Nehru Place,28.54925735,77.25295199508821
74,Netaji Nagar,28.5735343,77.1863593
75,New Friends Colony,28.5671008,77.2697643
76,Nizamuddin West,28.588365,77.2449546
77,Okhla,28.5636616,77.2890546
78,Safdarjung Enclave,28.5656419,77.1934382
79,Sainik Farm,28.503746,77.21607253402124
80,Saket,28.5244107,77.2137253
81,Sangam Vihar,28.605127,76.9994916
82,Sarita Vihar,28.5285737,77.2883311
83,Sarojini Nagar,28.5741575,77.1953703
84,Sarvodaya Enclave,28.5374783,77.2020888
85,Siri Fort,28.5521464,77.2246983
86,South Extension,28.5685664,77.2205677
87,Sriniwaspuri,28.5652204,77.2547041
88,Sundar Nagar,10.7687504,78.6836905
89,Tughlaqabad,28.5111925,77.2623265
90,Badarpur,24.819964499999998,92.49167641087158
91,"Dabri, New Delhi",28.6107697,77.09110590789903
92,Dwarka Sub City,46.49478845,-80.99676971333798
93,Delhi Cantonment,28.593833099999998,77.13497891459929
94,Dhaula Kuan,28.5918905,77.1617034
95,Inderpuri,28.6286841,77.1470979
96,Mahipalpur,28.544537,77.1279229
97,Moti Bagh,21.24032935,81.64049773902624
98,Munirka,28.5568967,77.1750592
99,Najafgarh,28.6131778,76.9982846
100,Naraina Vihar,28.6243852,77.1364438
101,Palam,18.980182550000002,76.95452309807402
102,Rama Krishna Puram,28.5755607,77.17230336809229
103,Sagar Pur,28.2761564,77.3304032
104,Vasant Kunj,28.5292495,77.1541335
105,Vasant Vihar,28.56069055,77.16079073168567
106,Ashok Nagar,13.0400731,80.2159247
107,Bali Nagar,28.6541384,77.128178
108,Fateh Nagar,17.4581554,78.4513374
109,Kirti Nagar,28.6545409,77.1513605
110,Moti Nagar,28.657859,77.1424288
111,Paschim Vihar,28.6695782,77.095956
112,Patel Nagar,20.6062032,79.8612361
113,Punjabi Bagh,28.668945,77.1324614
114,Rajouri Garden,28.6421518,77.11606037769263
115,Tihar Village,30.8490467,78.6413303
116,Tilak Nagar,28.6365482,77.0964961
117,Vikas Nagar,31.0796016,77.1782561
118,Vikaspuri,28.638419050000003,77.07083614685489
